<?xml version="1.0" encoding="UTF-8"?>
<project-private xmlns="http://www.netbeans.org/ns/project-private/1">
    <editor-bookmarks xmlns="http://www.netbeans.org/ns/editor-bookmarks/2" lastBookmarkId="0"/>
    <open-files xmlns="http://www.netbeans.org/ns/projectui-open-files/2">
        <group>
            <file>file:/C:/Users/lab_services_student/Documents/NetBeansProjects/ST10028920_Prog_Assigment_1/test/st10028920_prog_assigment_1/StudentTest.java</file>
            <file>file:/C:/Users/lab_services_student/Documents/NetBeansProjects/ST10028920_Prog_Assigment_1/src/st10028920_prog_assigment_1/Student.java</file>
            <file>file:/C:/Users/lab_services_student/Documents/NetBeansProjects/ST10028920_Prog_Assigment_1/src/st10028920_prog_assigment_1/ST10028920_Prog_Assigment_1.java</file>
        </group>
    </open-files>
</project-private>
